"text","intent"
"не могу уснуть уже почти час","insomnia_now"
"лежу в кровати и никак не засыпаю","insomnia_now"
"сон не приходит, хотя очень хочу спать","insomnia_now"
"проснулся ночью и не могу уснуть обратно","insomnia_now"
"снова бессонница, что делать","insomnia_now"
"вроде устал, а заснуть не получается","insomnia_now"
"в кровати давно, а сна все нет","insomnia_now"
"уже поздно, а я до сих пор бодрствую","insomnia_now"
"помоги уснуть, пожалуйста","insomnia_now"
"не могу отключить мысли перед сном","insomnia_now"
"не получается провалиться в сон после напряженного дня, как мягко переключиться на сон.","insomnia_now"
"никак не засыпаю — из-за перегруза в голове, и это выматывает. как быстрее успокоиться?","insomnia_now"
"опять не спится из-за тревоги, как вернуть сон.","insomnia_now"
"никак не засыпаю из-за внутреннего напряжения. как мягко переключиться на сон?","insomnia_now"
"все еще не сплю из-за мыслей о работе, как мягко переключиться на сон.","insomnia_now"
"опять не спится; из-за мыслей о работе, поэтому не отключаюсь. как вернуть сон.","insomnia_now"
"не могу уснуть без явной причины, как мягко переключиться на сон.","insomnia_now"
"Уже долго все еще не сплю; похоже, это из-за тревоги. дай короткий совет?","insomnia_now"
"лежу и не засыпаю; после напряженного дня, поэтому не отключаюсь. как быстрее успокоиться.","insomnia_now"
"засыпание снова сорвалось из-за перегруза в голове. дай короткий совет?","insomnia_now"
"опять не спится — без явной причины, и это выматывает. как вернуть сон?","insomnia_now"
"никак не засыпаю; из-за перегруза в голове, поэтому не отключаюсь. как быстрее успокоиться.","insomnia_now"
"не могу уснуть. Кажется, это без явной причины. как вернуть сон.","insomnia_now"
"не могу отключить голову. Кажется, это из-за внутреннего напряжения. что сделать, чтобы отпустило.","insomnia_now"
"Уже долго опять не спится; похоже, это после долгого скролла в телефоне. что сделать, чтобы отпустило?","insomnia_now"
"все еще не сплю после напряженного дня. как вернуть сон?","insomnia_now"
"опять не спится — перед важной встречей, и это выматывает. как перестать крутить мысли?","insomnia_now"
"сон как будто завис перед важной встречей. как быстрее успокоиться?","insomnia_now"
"не могу отключить голову — из-за внутреннего напряжения, и это выматывает. дай короткий совет?","insomnia_now"
"сон не идет после долгого скролла в телефоне, как мягко переключиться на сон.","insomnia_now"
"никак не засыпаю — из-за перегруза в голове, и это выматывает. что сделать, чтобы отпустило?","insomnia_now"
"не получается провалиться в сон; без явной причины, поэтому не отключаюсь. как перестать крутить мысли.","insomnia_now"
"Уже долго сон как будто завис; похоже, это из-за мыслей о работе. как быстрее успокоиться?","insomnia_now"
"Уже долго сон как будто завис; похоже, это из-за мыслей о работе. что можно сделать прямо сейчас?","insomnia_now"
"опять не спится, после долгого скролла в телефоне. Очень нужен совет.","insomnia_now"
"не получается провалиться в сон — из-за тревоги, и это выматывает. как перестать крутить мысли?","insomnia_now"
"сон не идет. Кажется, это без явной причины. как быстрее успокоиться.","insomnia_now"
"Сейчас не могу уснуть после позднего кофе, есть быстрый способ помочь себе.","insomnia_now"
"все еще не сплю. Кажется, это из-за внутреннего напряжения. как мягко переключиться на сон.","insomnia_now"
"никак не засыпаю, после напряженного дня. Очень нужен совет.","insomnia_now"
"не могу отключить голову, перед важной встречей. Очень нужен совет.","insomnia_now"
"не могу отключить голову — перед важной встречей, и это выматывает. как мягко переключиться на сон?","insomnia_now"
"лежу и не засыпаю после позднего кофе. дай короткий совет?","insomnia_now"
"сон не идет, потому что после напряженного дня. как вернуть сон.","insomnia_now"
"Уже долго не могу уснуть; похоже, это после долгого скролла в телефоне. дай короткий совет?","insomnia_now"
"засыпание снова сорвалось, из-за тревоги. Очень нужен совет.","insomnia_now"
"Сейчас не могу отключить голову после ссоры, что сделать, чтобы отпустило.","insomnia_now"
"не могу отключить голову. Кажется, это без явной причины. что можно сделать прямо сейчас.","insomnia_now"
"не могу отключить голову, из-за внутреннего напряжения. Очень нужен совет.","insomnia_now"
"лежу и не засыпаю, из-за мыслей о работе. Очень нужен совет.","insomnia_now"
"не могу уснуть, потому что после позднего кофе. как быстрее успокоиться.","insomnia_now"
"сон как будто завис — после напряженного дня, и это выматывает. как быстрее успокоиться?","insomnia_now"
"опять не спится из-за тревоги, как быстрее успокоиться.","insomnia_now"
"опять не спится — после напряженного дня, и это выматывает. как быстрее успокоиться?","insomnia_now"
"опять не спится, потому что тревоги. как быстрее успокоиться.","insomnia_now"
"Уже долго опять не спится; похоже, это из-за внутреннего напряжения. дай короткий совет?","insomnia_now"
"не получается провалиться в сон. Кажется, это без явной причины. что сделать, чтобы отпустило.","insomnia_now"
"никак не засыпаю. Кажется, это из-за мыслей о работе. как перестать крутить мысли.","insomnia_now"
"сон как будто завис после долгого скролла в телефоне. есть быстрый способ помочь себе?","insomnia_now"
"Уже долго сон не идет; похоже, это из-за мыслей о работе. что сделать, чтобы отпустило?","insomnia_now"
"сон как будто завис, потому что после напряженного дня. что можно сделать прямо сейчас.","insomnia_now"
"Опять не могу отключить голову после ссоры, помоги, пожалуйста.","insomnia_now"
"не могу уснуть из-за перегруза в голове. есть быстрый способ помочь себе?","insomnia_now"
"Сейчас засыпание снова сорвалось из-за перегруза в голове, что сделать, чтобы отпустило.","insomnia_now"
"не получается провалиться в сон, потому что после позднего кофе. что сделать, чтобы отпустило.","insomnia_now"
"опять не спится, после позднего кофе. Очень нужен совет.","insomnia_now"
"все еще не сплю — после позднего кофе, и это выматывает. как перестать крутить мысли?","insomnia_now"
"не могу уснуть. Кажется, это из-за тревоги. есть быстрый способ помочь себе.","insomnia_now"
"засыпание снова сорвалось. Кажется, это после позднего кофе. что сделать, чтобы отпустило.","insomnia_now"
"не получается провалиться в сон, потому что после ссоры. как быстрее успокоиться.","insomnia_now"
"никак не засыпаю, потому что после позднего кофе. как перестать крутить мысли.","insomnia_now"
"не получается провалиться в сон; после позднего кофе, поэтому не отключаюсь. как перестать крутить мысли.","insomnia_now"
"опять не спится — из-за тревоги, и это выматывает. как перестать крутить мысли?","insomnia_now"
"никак не засыпаю, потому что мыслей о работе. как мягко переключиться на сон.","insomnia_now"
"сон как будто завис — после напряженного дня, и это выматывает. как мягко переключиться на сон?","insomnia_now"
"никак не засыпаю, из-за внутреннего напряжения. Очень нужен совет.","insomnia_now"
"Сейчас никак не засыпаю после напряженного дня, дай короткий совет.","insomnia_now"
"Сейчас не могу уснуть после напряженного дня, как перестать крутить мысли.","insomnia_now"
"опять не спится — без явной причины, и это выматывает. как перестать крутить мысли?","insomnia_now"
"сон не идет из-за перегруза в голове, дай короткий совет.","insomnia_now"
"не могу уснуть, из-за мыслей о работе. Очень нужен совет.","insomnia_now"
"Уже долго все еще не сплю; похоже, это после позднего кофе. что можно сделать прямо сейчас?","insomnia_now"
"все еще не сплю; перед важной встречей, поэтому не отключаюсь. как вернуть сон.","insomnia_now"
"Сейчас не получается провалиться в сон перед важной встречей, как мягко переключиться на сон.","insomnia_now"
"не могу уснуть; после ссоры, поэтому не отключаюсь. как перестать крутить мысли.","insomnia_now"
"Опять не могу отключить голову из-за внутреннего напряжения, помоги, пожалуйста.","insomnia_now"
"сон не идет. Кажется, это из-за перегруза в голове. что можно сделать прямо сейчас.","insomnia_now"
"Сейчас сон не идет без явной причины, что можно сделать прямо сейчас.","insomnia_now"
"сон не идет; после напряженного дня, поэтому не отключаюсь. как перестать крутить мысли.","insomnia_now"
"никак не засыпаю — из-за перегруза в голове, и это выматывает. что можно сделать прямо сейчас?","insomnia_now"
"не могу отключить голову из-за перегруза в голове. как перестать крутить мысли?","insomnia_now"
"не могу отключить голову, потому что тревоги. как вернуть сон.","insomnia_now"
"Опять засыпание снова сорвалось из-за тревоги, помоги, пожалуйста.","insomnia_now"
"сон как будто завис из-за перегруза в голове. что можно сделать прямо сейчас?","insomnia_now"
"Уже долго сон как будто завис; похоже, это после ссоры. как вернуть сон?","insomnia_now"
"Опять сон как будто завис из-за перегруза в голове, помоги, пожалуйста.","insomnia_now"
"Опять все еще не сплю из-за перегруза в голове, помоги, пожалуйста.","insomnia_now"
"все еще не сплю, после долгого скролла в телефоне. Очень нужен совет.","insomnia_now"
"никак не засыпаю — из-за внутреннего напряжения, и это выматывает. как перестать крутить мысли?","insomnia_now"
"никак не засыпаю после позднего кофе. как мягко переключиться на сон?","insomnia_now"
"Сейчас все еще не сплю перед важной встречей, как быстрее успокоиться.","insomnia_now"
"Сейчас не получается провалиться в сон после напряженного дня, есть быстрый способ помочь себе.","insomnia_now"
"сон как будто завис, после позднего кофе. Очень нужен совет.","insomnia_now"
"Сейчас сон как будто завис после напряженного дня, как вернуть сон.","insomnia_now"
"лежу и не засыпаю — из-за перегруза в голове, и это выматывает. как мягко переключиться на сон?","insomnia_now"
"лежу и не засыпаю — после позднего кофе, и это выматывает. что сделать, чтобы отпустило?","insomnia_now"
"никак не засыпаю — после ссоры, и это выматывает. что можно сделать прямо сейчас?","insomnia_now"
"не могу отключить голову после долгого скролла в телефоне, как перестать крутить мысли.","insomnia_now"
"Опять лежу и не засыпаю после ссоры, помоги, пожалуйста.","insomnia_now"
"никак не засыпаю из-за мыслей о работе. как вернуть сон?","insomnia_now"
"никак не засыпаю перед важной встречей, есть быстрый способ помочь себе.","insomnia_now"
"сон не идет, перед важной встречей. Очень нужен совет.","insomnia_now"
"Опять засыпание снова сорвалось из-за внутреннего напряжения, помоги, пожалуйста.","insomnia_now"
"не могу отключить голову — без явной причины, и это выматывает. как перестать крутить мысли?","insomnia_now"
"Сейчас никак не засыпаю перед важной встречей, что можно сделать прямо сейчас.","insomnia_now"
"лежу и не засыпаю из-за мыслей о работе, есть быстрый способ помочь себе.","insomnia_now"
"никак не засыпаю; перед важной встречей, поэтому не отключаюсь. как быстрее успокоиться.","insomnia_now"
"все еще не сплю из-за мыслей о работе. есть быстрый способ помочь себе?","insomnia_now"
"Опять сон как будто завис из-за тревоги, помоги, пожалуйста.","insomnia_now"
"лежу и не засыпаю перед важной встречей, дай короткий совет.","insomnia_now"
"Сейчас не могу отключить голову после позднего кофе, как быстрее успокоиться.","insomnia_now"
"засыпание снова сорвалось, потому что тревоги. дай короткий совет.","insomnia_now"
"Уже долго засыпание снова сорвалось; похоже, это перед важной встречей. как вернуть сон?","insomnia_now"
"Уже долго сон как будто завис; похоже, это из-за перегруза в голове. дай короткий совет?","insomnia_now"
"не получается провалиться в сон из-за тревоги, есть быстрый способ помочь себе.","insomnia_now"
"Опять не могу уснуть из-за тревоги, помоги, пожалуйста.","insomnia_now"
"сон как будто завис после позднего кофе. как перестать крутить мысли?","insomnia_now"
"Опять лежу и не засыпаю после долгого скролла в телефоне, помоги, пожалуйста.","insomnia_now"
"засыпание снова сорвалось — после позднего кофе, и это выматывает. как вернуть сон?","insomnia_now"
"все еще не сплю — после напряженного дня, и это выматывает. как мягко переключиться на сон?","insomnia_now"
"не могу уснуть после напряженного дня. что можно сделать прямо сейчас?","insomnia_now"
"засыпание снова сорвалось из-за внутреннего напряжения, дай короткий совет.","insomnia_now"
"никак не засыпаю; из-за внутреннего напряжения, поэтому не отключаюсь. есть быстрый способ помочь себе.","insomnia_now"
"сегодня спал 6 часов","sleep_duration_report"
"вчера получилось около 7 часов сна","sleep_duration_report"
"этой ночью было примерно 5 с половиной часов","sleep_duration_report"
"поспал примерно 8 часов","sleep_duration_report"
"у меня вышло 4.5 часа сна","sleep_duration_report"
"за ночь набралось 6 часов 20 минут","sleep_duration_report"
"в сумме получилось 7 часов 10 минут сна","sleep_duration_report"
"сегодня только 5 часов сна","sleep_duration_report"
"сегодня получилось около 1 с половиной часа сна","sleep_duration_report"
"сегодня получилось около 2 часа сна","sleep_duration_report"
"сегодня получилось около 2 с половиной часа сна","sleep_duration_report"
"сегодня получилось около 3 часа сна","sleep_duration_report"
"сегодня получилось около 3 с половиной часа сна","sleep_duration_report"
"сегодня получилось около 4 часа сна","sleep_duration_report"
"сегодня получилось около 4.25 часа сна","sleep_duration_report"
"сегодня получилось около 4 с половиной часа сна","sleep_duration_report"
"сегодня получилось около 4.75 часа сна","sleep_duration_report"
"сегодня получилось около 5 часов сна","sleep_duration_report"
"сегодня получилось около 5.25 часа сна","sleep_duration_report"
"сегодня получилось около 5 с половиной часа сна","sleep_duration_report"
"сегодня получилось около 5.75 часа сна","sleep_duration_report"
"сегодня получилось около 6 часов сна","sleep_duration_report"
"сегодня получилось около 6.25 часа сна","sleep_duration_report"
"сегодня получилось около 6 с половиной часа сна","sleep_duration_report"
"сегодня получилось около 6.75 часа сна","sleep_duration_report"
"сегодня получилось около 7 часов сна","sleep_duration_report"
"сегодня получилось около 7.25 часа сна","sleep_duration_report"
"сегодня получилось около 7 с половиной часа сна","sleep_duration_report"
"сегодня получилось около 7.75 часа сна","sleep_duration_report"
"сегодня получилось около 8 часов сна","sleep_duration_report"
"сегодня получилось около 8.25 часа сна","sleep_duration_report"
"сегодня получилось около 8 с половиной часа сна","sleep_duration_report"
"сегодня получилось около 8.75 часа сна","sleep_duration_report"
"сегодня получилось около 9 часов сна","sleep_duration_report"
"сегодня получилось около 9.25 часа сна","sleep_duration_report"
"сегодня получилось около 9 с половиной часа сна","sleep_duration_report"
"сегодня получилось около 10 часов сна","sleep_duration_report"
"вчера я спал примерно 1 с половиной часа","sleep_duration_report"
"вчера я спал примерно 2 часа","sleep_duration_report"
"вчера я спал примерно 2 с половиной часа","sleep_duration_report"
"вчера я спал примерно 3 часа","sleep_duration_report"
"вчера я спал примерно 3 с половиной часа","sleep_duration_report"
"вчера я спал примерно 4 часа","sleep_duration_report"
"вчера я спал примерно 4.25 часа","sleep_duration_report"
"вчера я спал примерно 4 с половиной часа","sleep_duration_report"
"вчера я спал примерно 4.75 часа","sleep_duration_report"
"вчера я спал примерно 5 часов","sleep_duration_report"
"вчера я спал примерно 5.25 часа","sleep_duration_report"
"вчера я спал примерно 5 с половиной часа","sleep_duration_report"
"вчера я спал примерно 5.75 часа","sleep_duration_report"
"вчера я спал примерно 6 часов","sleep_duration_report"
"вчера я спал примерно 6.25 часа","sleep_duration_report"
"вчера я спал примерно 6 с половиной часа","sleep_duration_report"
"вчера я спал примерно 6.75 часа","sleep_duration_report"
"вчера я спал примерно 7 часов","sleep_duration_report"
"вчера я спал примерно 7.25 часа","sleep_duration_report"
"вчера я спал примерно 7 с половиной часа","sleep_duration_report"
"вчера я спал примерно 7.75 часа","sleep_duration_report"
"вчера я спал примерно 8 часов","sleep_duration_report"
"вчера я спал примерно 8.25 часа","sleep_duration_report"
"вчера я спал примерно 8 с половиной часа","sleep_duration_report"
"вчера я спал примерно 8.75 часа","sleep_duration_report"
"вчера я спал примерно 9 часов","sleep_duration_report"
"вчера я спал примерно 9.25 часа","sleep_duration_report"
"вчера я спал примерно 9 с половиной часа","sleep_duration_report"
"вчера я спал примерно 10 часов","sleep_duration_report"
"мой сон длился где-то 1 с половиной часа","sleep_duration_report"
"мой сон длился где-то 2 часа","sleep_duration_report"
"мой сон длился где-то 2 с половиной часа","sleep_duration_report"
"мой сон длился где-то 3 часа","sleep_duration_report"
"мой сон длился где-то 3 с половиной часа","sleep_duration_report"
"мой сон длился где-то 4 часа","sleep_duration_report"
"мой сон длился где-то 4.25 часа","sleep_duration_report"
"мой сон длился где-то 4 с половиной часа","sleep_duration_report"
"мой сон длился где-то 4.75 часа","sleep_duration_report"
"мой сон длился где-то 5 часов","sleep_duration_report"
"мой сон длился где-то 5.25 часа","sleep_duration_report"
"мой сон длился где-то 5 с половиной часа","sleep_duration_report"
"мой сон длился где-то 5.75 часа","sleep_duration_report"
"мой сон длился где-то 6 часов","sleep_duration_report"
"мой сон длился где-то 6.25 часа","sleep_duration_report"
"мой сон длился где-то 6 с половиной часа","sleep_duration_report"
"мой сон длился где-то 6.75 часа","sleep_duration_report"
"мой сон длился где-то 7 часов","sleep_duration_report"
"мой сон длился где-то 7.25 часа","sleep_duration_report"
"мой сон длился где-то 7 с половиной часа","sleep_duration_report"
"мой сон длился где-то 7.75 часа","sleep_duration_report"
"мой сон длился где-то 8 часов","sleep_duration_report"
"мой сон длился где-то 8.25 часа","sleep_duration_report"
"мой сон длился где-то 8 с половиной часа","sleep_duration_report"
"мой сон длился где-то 8.75 часа","sleep_duration_report"
"мой сон длился где-то 9 часов","sleep_duration_report"
"мой сон длился где-то 9.25 часа","sleep_duration_report"
"мой сон длился где-то 9 с половиной часа","sleep_duration_report"
"мой сон длился где-то 10 часов","sleep_duration_report"
"за ночь вышло примерно 1 с половиной часа","sleep_duration_report"
"за ночь вышло примерно 2 часа","sleep_duration_report"
"за ночь вышло примерно 2 с половиной часа","sleep_duration_report"
"за ночь вышло примерно 3 часа","sleep_duration_report"
"за ночь вышло примерно 3 с половиной часа","sleep_duration_report"
"за ночь вышло примерно 4 часа","sleep_duration_report"
"за ночь вышло примерно 4.25 часа","sleep_duration_report"
"за ночь вышло примерно 4 с половиной часа","sleep_duration_report"
"за ночь вышло примерно 4.75 часа","sleep_duration_report"
"за ночь вышло примерно 5 часов","sleep_duration_report"
"за ночь вышло примерно 5.25 часа","sleep_duration_report"
"за ночь вышло примерно 5 с половиной часа","sleep_duration_report"
"за ночь вышло примерно 5.75 часа","sleep_duration_report"
"за ночь вышло примерно 6 часов","sleep_duration_report"
"за ночь вышло примерно 6.25 часа","sleep_duration_report"
"за ночь вышло примерно 6 с половиной часа","sleep_duration_report"
"за ночь вышло примерно 6.75 часа","sleep_duration_report"
"за ночь вышло примерно 7 часов","sleep_duration_report"
"за ночь вышло примерно 7.25 часа","sleep_duration_report"
"за ночь вышло примерно 7 с половиной часа","sleep_duration_report"
"за ночь вышло примерно 7.75 часа","sleep_duration_report"
"за ночь вышло примерно 8 часов","sleep_duration_report"
"за ночь вышло примерно 8.25 часа","sleep_duration_report"
"за ночь вышло примерно 8 с половиной часа","sleep_duration_report"
"за ночь вышло примерно 8.75 часа","sleep_duration_report"
"за ночь вышло примерно 9 часов","sleep_duration_report"
"за ночь вышло примерно 9.25 часа","sleep_duration_report"
"за ночь вышло примерно 9 с половиной часа","sleep_duration_report"
"за ночь вышло примерно 10 часов","sleep_duration_report"
"по ощущениям проспал около 1 с половиной часа","sleep_duration_report"
"по ощущениям проспал около 2 часа","sleep_duration_report"
"по ощущениям проспал около 2 с половиной часа","sleep_duration_report"
"по ощущениям проспал около 3 часа","sleep_duration_report"
"по ощущениям проспал около 3 с половиной часа","sleep_duration_report"
"по ощущениям проспал около 4 часа","sleep_duration_report"
"по ощущениям проспал около 4.25 часа","sleep_duration_report"
"по ощущениям проспал около 4 с половиной часа","sleep_duration_report"
"по ощущениям проспал около 4.75 часа","sleep_duration_report"
"уснул в 23:10 и проснулся в 06:40","sleep_schedule_report"
"лег в 00:20, встал в 07:15","sleep_schedule_report"
"заснул в 22:50, проснулся в 05:55","sleep_schedule_report"
"сон был с 23:40 до 07:00","sleep_schedule_report"
"уснул около 01:05, проснулся в 08:10","sleep_schedule_report"
"лег спать в 22:45 и встал в 06:00","sleep_schedule_report"
"ушел спать в 00:10, поднялся в 05:50","sleep_schedule_report"
"сон был с 00:00 до 07:10","sleep_schedule_report"
"в 00:10 уснул, в 05:40 проснулся","sleep_schedule_report"
"уснул в 01:40 и проснулся в 07:50","sleep_schedule_report"
"сон был с 23:50 до 08:10","sleep_schedule_report"
"засыпал в районе 23:00, окончательно встал в 07:00","sleep_schedule_report"
"ушел спать в 00:30, поднялся в 05:20","sleep_schedule_report"
"примерно в 23:10 отключился, а в 08:40 уже проснулся","sleep_schedule_report"
"примерно в 22:10 отключился, а в 07:20 уже проснулся","sleep_schedule_report"
"уснул в 00:20 и проснулся в 05:40","sleep_schedule_report"
"уснул в 23:20 и проснулся в 06:20","sleep_schedule_report"
"лег в 01:10, встал в 07:00","sleep_schedule_report"
"ушел спать в 23:20, поднялся в 07:00","sleep_schedule_report"
"уснул в 23:20 и проснулся в 09:00","sleep_schedule_report"
"ушел спать в 23:20, поднялся в 06:50","sleep_schedule_report"
"уснул в 01:10 и проснулся в 08:40","sleep_schedule_report"
"лег в 22:00, встал в 06:30","sleep_schedule_report"
"лег в 00:30, встал в 09:00","sleep_schedule_report"
"засыпал в районе 00:00, окончательно встал в 06:40","sleep_schedule_report"
"примерно в 00:30 отключился, а в 06:00 уже проснулся","sleep_schedule_report"
"засыпал в районе 22:50, окончательно встал в 05:20","sleep_schedule_report"
"в 01:40 уснул, в 06:00 проснулся","sleep_schedule_report"
"засыпал в районе 23:50, окончательно встал в 08:30","sleep_schedule_report"
"лег в 00:40, встал в 06:20","sleep_schedule_report"
"примерно в 22:50 отключился, а в 06:30 уже проснулся","sleep_schedule_report"
"примерно в 22:20 отключился, а в 08:40 уже проснулся","sleep_schedule_report"
"уснул в 00:30 и проснулся в 08:10","sleep_schedule_report"
"ушел спать в 22:50, поднялся в 07:30","sleep_schedule_report"
"лег в 22:20, встал в 06:40","sleep_schedule_report"
"лег в 23:00, встал в 05:50","sleep_schedule_report"
"примерно в 00:30 отключился, а в 09:00 уже проснулся","sleep_schedule_report"
"засыпал в районе 22:50, окончательно встал в 06:30","sleep_schedule_report"
"заснул около 00:10, проснулся в 07:40","sleep_schedule_report"
"сон был с 00:50 до 08:50","sleep_schedule_report"
"лег в 23:30, встал в 06:50","sleep_schedule_report"
"в 01:00 уснул, в 06:40 проснулся","sleep_schedule_report"
"ушел спать в 23:20, поднялся в 06:40","sleep_schedule_report"
"сон был с 00:20 до 06:30","sleep_schedule_report"
"заснул около 23:10, проснулся в 06:30","sleep_schedule_report"
"заснул около 23:30, проснулся в 08:20","sleep_schedule_report"
"сон был с 23:40 до 05:40","sleep_schedule_report"
"примерно в 23:20 отключился, а в 06:30 уже проснулся","sleep_schedule_report"
"сон был с 01:20 до 05:50","sleep_schedule_report"
"засыпал в районе 22:10, окончательно встал в 05:50","sleep_schedule_report"
"уснул в 00:30 и проснулся в 06:30","sleep_schedule_report"
"засыпал в районе 23:50, окончательно встал в 05:30","sleep_schedule_report"
"в 23:10 уснул, в 05:50 проснулся","sleep_schedule_report"
"уснул в 23:00 и проснулся в 08:30","sleep_schedule_report"
"сон был с 22:20 до 07:10","sleep_schedule_report"
"заснул около 00:20, проснулся в 08:30","sleep_schedule_report"
"в 01:30 уснул, в 05:20 проснулся","sleep_schedule_report"
"лег в 01:20, встал в 08:30","sleep_schedule_report"
"ушел спать в 23:00, поднялся в 05:30","sleep_schedule_report"
"ушел спать в 23:40, поднялся в 06:00","sleep_schedule_report"
"уснул в 23:00 и проснулся в 06:40","sleep_schedule_report"
"сон был с 22:00 до 07:00","sleep_schedule_report"
"примерно в 01:30 отключился, а в 07:10 уже проснулся","sleep_schedule_report"
"заснул около 01:10, проснулся в 06:50","sleep_schedule_report"
"лег в 23:00, встал в 05:30","sleep_schedule_report"
"засыпал в районе 00:50, окончательно встал в 07:50","sleep_schedule_report"
"лег в 00:10, встал в 05:50","sleep_schedule_report"
"примерно в 01:30 отключился, а в 08:10 уже проснулся","sleep_schedule_report"
"заснул около 01:20, проснулся в 08:10","sleep_schedule_report"
"лег в 01:20, встал в 06:10","sleep_schedule_report"
"примерно в 01:40 отключился, а в 06:40 уже проснулся","sleep_schedule_report"
"примерно в 23:30 отключился, а в 08:50 уже проснулся","sleep_schedule_report"
"в 00:10 уснул, в 05:30 проснулся","sleep_schedule_report"
"в 01:00 уснул, в 07:10 проснулся","sleep_schedule_report"
"примерно в 00:10 отключился, а в 05:20 уже проснулся","sleep_schedule_report"
"ушел спать в 01:20, поднялся в 06:20","sleep_schedule_report"
"примерно в 00:00 отключился, а в 06:20 уже проснулся","sleep_schedule_report"
"уснул в 00:10 и проснулся в 06:10","sleep_schedule_report"
"примерно в 22:30 отключился, а в 05:40 уже проснулся","sleep_schedule_report"
"примерно в 01:00 отключился, а в 07:10 уже проснулся","sleep_schedule_report"
"засыпал в районе 22:50, окончательно встал в 06:00","sleep_schedule_report"
"уснул в 22:10 и проснулся в 08:10","sleep_schedule_report"
"заснул около 01:20, проснулся в 07:20","sleep_schedule_report"
"лег в 01:00, встал в 08:30","sleep_schedule_report"
"ушел спать в 00:40, поднялся в 06:10","sleep_schedule_report"
"заснул около 23:50, проснулся в 06:50","sleep_schedule_report"
"заснул около 00:40, проснулся в 06:10","sleep_schedule_report"
"лег в 22:30, встал в 07:20","sleep_schedule_report"
"засыпал в районе 23:00, окончательно встал в 06:50","sleep_schedule_report"
"заснул около 22:10, проснулся в 07:50","sleep_schedule_report"
"ушел спать в 22:10, поднялся в 08:30","sleep_schedule_report"
"примерно в 22:20 отключился, а в 09:00 уже проснулся","sleep_schedule_report"
"заснул около 01:20, проснулся в 06:30","sleep_schedule_report"
"примерно в 01:10 отключился, а в 06:20 уже проснулся","sleep_schedule_report"
"засыпал в районе 22:50, окончательно встал в 08:20","sleep_schedule_report"
"сон был с 22:10 до 07:20","sleep_schedule_report"
"заснул около 00:00, проснулся в 07:10","sleep_schedule_report"
"лег в 22:40, встал в 06:30","sleep_schedule_report"
"сон был с 22:10 до 08:10","sleep_schedule_report"
"уснул в 01:30 и проснулся в 07:00","sleep_schedule_report"
"лег в 00:00, встал в 08:30","sleep_schedule_report"
"засыпал в районе 00:50, окончательно встал в 08:40","sleep_schedule_report"
"в 01:20 уснул, в 07:30 проснулся","sleep_schedule_report"
"в 01:00 уснул, в 06:30 проснулся","sleep_schedule_report"
"примерно в 00:00 отключился, а в 08:50 уже проснулся","sleep_schedule_report"
"ушел спать в 00:20, поднялся в 08:00","sleep_schedule_report"
"уснул в 01:10 и проснулся в 07:50","sleep_schedule_report"
"засыпал в районе 23:10, окончательно встал в 07:40","sleep_schedule_report"
"засыпал в районе 22:50, окончательно встал в 07:50","sleep_schedule_report"
"заснул около 23:50, проснулся в 07:30","sleep_schedule_report"
"ушел спать в 22:20, поднялся в 07:40","sleep_schedule_report"
"уснул в 22:10 и проснулся в 08:40","sleep_schedule_report"
"заснул около 22:20, проснулся в 07:00","sleep_schedule_report"
"лег в 22:10, встал в 08:00","sleep_schedule_report"
"примерно в 01:20 отключился, а в 06:00 уже проснулся","sleep_schedule_report"
"уснул в 22:20 и проснулся в 08:30","sleep_schedule_report"
"лег в 23:00, встал в 06:00","sleep_schedule_report"
"засыпал в районе 23:30, окончательно встал в 06:10","sleep_schedule_report"
"в 22:50 уснул, в 07:00 проснулся","sleep_schedule_report"
"в 00:20 уснул, в 06:00 проснулся","sleep_schedule_report"
"в 00:40 уснул, в 07:50 проснулся","sleep_schedule_report"
"сон был с 01:00 до 06:40","sleep_schedule_report"
"сон был с 23:40 до 07:10","sleep_schedule_report"
"уснул в 23:00 и проснулся в 06:10","sleep_schedule_report"
"примерно в 22:50 отключился, а в 08:40 уже проснулся","sleep_schedule_report"
"в 01:30 уснул, в 07:00 проснулся","sleep_schedule_report"
"примерно в 22:50 отключился, а в 06:40 уже проснулся","sleep_schedule_report"
"лег в 00:40, встал в 05:30","sleep_schedule_report"
"ушел спать в 00:20, поднялся в 08:10","sleep_schedule_report"
"лег в 23:20, встал в 08:10","sleep_schedule_report"
"примерно в 23:50 отключился, а в 06:40 уже проснулся","sleep_schedule_report"
"примерно в 23:50 отключился, а в 08:20 уже проснулся","sleep_schedule_report"
"заснул около 23:50, проснулся в 07:00","sleep_schedule_report"
"привет","welcome"
"здравствуй","welcome"
"доброе утро","welcome"
"добрый вечер","welcome"
"привет, начнем","welcome"
"давай начнем","welcome"
"поехали","welcome"
"я на связи","welcome"
"готов начать","welcome"
"можно стартовать","welcome"
"доброго времени суток можно начинать","welcome"
"йо, я на месте","welcome"
"доброе утро, я на месте","welcome"
"хеллоу, я на месте","welcome"
"йо","welcome"
"доброе утро, запускаемся","welcome"
"добрый вечер, можем стартовать","welcome"
"здравствуй я готов","welcome"
"привет поехали","welcome"
"приветик! поехали","welcome"
"здравствуйте, я на месте","welcome"
"хай! приступим","welcome"
"привет, приступим","welcome"
"здравствуй, начнем работу","welcome"
"хеллоу начинаем","welcome"
"ку, начнем работу","welcome"
"привет! запускаемся","welcome"
"добрый день, я на месте","welcome"
"доброго времени суток, я на месте","welcome"
"доброго времени суток, начнем работу","welcome"
"добрый вечер начинаем","welcome"
"привет, давай начнем","welcome"
"хай на связи","welcome"
"здравствуй, приступим","welcome"
"хай, я на месте","welcome"
"хеллоу, начнем работу","welcome"
"здравствуй, я на месте","welcome"
"доброе утро хочу начать","welcome"
"привет, я на месте","welcome"
"йо, можем стартовать","welcome"
"приветик, приступим","welcome"
"привет, начнем работу","welcome"
"йо, начнем работу","welcome"
"добрый вечер, начнем работу","welcome"
"приветик, давай начнем","welcome"
"доброе утро, я готов","welcome"
"здравствуйте, начнем работу","welcome"
"здравствуйте! поехали","welcome"
"добрый вечер готов к работе","welcome"
"хай, можем стартовать","welcome"
"приветик давай начнем","welcome"
"добрый день, запускаемся","welcome"
"приветик, начнем работу","welcome"
"хай можем стартовать","welcome"
"салют, давай начнем","welcome"
"здравствуйте, давай начнем","welcome"
"ку можем стартовать","welcome"
"ку хочу начать","welcome"
"доброго времени суток! приступим","welcome"
"доброе утро, поехали","welcome"
"доброе утро, можем стартовать","welcome"
"доброе утро! запускаемся","welcome"
"добрый день! стартуем","welcome"
"добрый вечер на связи","welcome"
"добрый день я готов","welcome"
"салют поехали","welcome"
"здравствуй! давай начнем","welcome"
"привет приступим","welcome"
"доброго времени суток готов к работе","welcome"
"доброго времени суток, поехали","welcome"
"здравствуйте! приступим","welcome"
"здравствуй, можем стартовать","welcome"
"доброго времени суток можем стартовать","welcome"
"ку, я на месте","welcome"
"добрый день! можно начинать","welcome"
"доброе утро! стартуем","welcome"
"доброго времени суток, стартуем","welcome"
"хеллоу, можем стартовать","welcome"
"здравствуй! можно начинать","welcome"
"здравствуй, можно начинать","welcome"
"хай, начнем работу","welcome"
"здравствуйте, поехали","welcome"
"салют, я на месте","welcome"
"добрый день, поехали","welcome"
"здравствуйте запускаемся","welcome"
"ку, запускаемся","welcome"
"добрый вечер! приступим","welcome"
"хеллоу давай начнем","welcome"
"добрый вечер, давай начнем","welcome"
"добрый вечер можем стартовать","welcome"
"хай! можно начинать","welcome"
"йо можно начинать","welcome"
"хеллоу, запускаемся","welcome"
"доброго времени суток запускаемся","welcome"
"хеллоу! давай начнем","welcome"
"здравствуйте, можем стартовать","welcome"
"добрый вечер! можно начинать","welcome"
"хай запускаемся","welcome"
"ку! можно начинать","welcome"
"приветик, можем стартовать","welcome"
"хеллоу, можно начинать","welcome"
"доброе утро! можно начинать","welcome"
"привет давай начнем","welcome"
"хай! давай начнем","welcome"
"доброе утро, можно начинать","welcome"
"доброго времени суток, можем стартовать","welcome"
"добрый день, можем стартовать","welcome"
"доброе утро, начнем работу","welcome"
"доброго времени суток, я готов","welcome"
"хеллоу, поехали","welcome"
"доброе утро, давай начнем","welcome"
"хай приступим","welcome"
"салют, запускаемся","welcome"
"приветик, поехали","welcome"
"хай! стартуем","welcome"
"здравствуйте, я готов","welcome"
"добрый вечер, стартуем","welcome"
"хай, стартуем","welcome"
"хеллоу на связи","welcome"
"приветик, я на месте","welcome"
"йо, приступим","welcome"
"доброго времени суток! стартуем","welcome"
"хай","welcome"
"добрый день, начнем работу","welcome"
"привет, запускаемся","welcome"
"хеллоу приступим","welcome"
"ку, можем стартовать","welcome"
"доброе утро! я готов","welcome"
"салют! приступим","welcome"
"здравствуйте! запускаемся","welcome"
"здравствуй! запускаемся","welcome"
"ку","welcome"
"салют, начнем работу","welcome"
"какая сегодня погода","other"
"сколько сейчас времени","other"
"поставь таймер на 10 минут","other"
"включи музыку","other"
"какой курс доллара","other"
"расскажи анекдот","other"
"покажи новости","other"
"поставь будильник на 7 утра","other"
"переведи слово moon","other"
"посчитай 24 разделить на 3","other"
"сколько сейчас времени прямо сейчас","other"
"поставь будильник на 6:30?","other"
"покажи новости на завтра","other"
"открой настройки телефона прямо сейчас","other"
"открой браузер прямо сейчас","other"
"включи музыку прямо сейчас","other"
"сколько сейчас времени на завтра.","other"
"поставь будильник на 6:30 сейчас.","other"
"найди ближайшую аптеку пожалуйста","other"
"включи bluetooth сейчас","other"
"открой браузер быстро?","other"
"открой калькулятор для меня?","other"
"добавь напоминание на вечер","other"
"включи радио, пожалуйста","other"
"поставь будильник на 6:30 для меня","other"
"сколько сейчас времени в лондоне прямо сейчас","other"
"поставь таймер на 5 минут, пожалуйста","other"
"покажи список дел, пожалуйста","other"
"найди ближайшую аптеку, пожалуйста","other"
"поставь таймер на 5 минут на завтра","other"
"включи музыку.","other"
"какая погода на улице, пожалуйста","other"
"поставь таймер на 5 минут на сегодня","other"
"включи музыку на завтра","other"
"посчитай 17 умножить на 8 на сегодня","other"
"какой сегодня день недели, пожалуйста","other"
"открой карту, если можно","other"
"подбери фильм на вечер, пожалуйста","other"
"сколько сейчас времени в лондоне","other"
"поставь таймер на 5 минут прямо сейчас","other"
"открой карту сейчас?","other"
"включи bluetooth на завтра?","other"
"открой настройки телефона, пожалуйста","other"
"поставь будильник на 6:30 без подробностей.","other"
"расскажи интересный факт про космос для меня.","other"
"покажи курс евро, пожалуйста","other"
"включи радио без подробностей?","other"
"посчитай 17 умножить на 8?","other"
"расскажи интересный факт про космос прямо сейчас","other"
"какой сегодня день недели прямо сейчас","other"
"покажи список дел быстро.","other"
"найди ближайшую аптеку прямо сейчас","other"
"переведи фразу на английский прямо сейчас","other"
"сколько сейчас времени в лондоне?","other"
"посчитай 17 умножить на 8 быстро?","other"
"открой калькулятор, пожалуйста","other"
"включи музыку сейчас?","other"
"открой браузер на завтра?","other"
"открой браузер пожалуйста?","other"
"покажи новости, пожалуйста","other"
"покажи список дел?","other"
"включи радио?","other"
"открой браузер без подробностей","other"
"переведи фразу на английский для меня","other"
"объясни, что такое нейросеть прямо сейчас","other"
"добавь напоминание на вечер прямо сейчас","other"
"включи радио прямо сейчас","other"
"покажи новости на сегодня.","other"
"открой калькулятор быстро","other"
"объясни, что такое нейросеть, пожалуйста","other"
"поставь будильник на 6:30 без подробностей?","other"
"посчитай 17 умножить на 8, если можно?","other"
"какая погода на улице прямо сейчас","other"
"посчитай 17 умножить на 8 для меня?","other"
"подбери фильм на вечер сейчас","other"
"сколько сейчас времени без подробностей?","other"
"открой калькулятор для меня.","other"
"какая погода на улице","other"
"как приготовить пасту, пожалуйста","other"
"сколько сейчас времени в лондоне пожалуйста","other"
"добавь напоминание на вечер на сегодня?","other"
"открой настройки телефона, если можно","other"
"включи bluetooth на сегодня.","other"
"открой калькулятор.","other"
"включи bluetooth?","other"
"объясни, что такое нейросеть на завтра?","other"
"поставь будильник на 6:30 сейчас","other"
"какая погода на улице на сегодня?","other"
"включи радио на завтра?","other"
"как приготовить пасту без подробностей","other"
"включи bluetooth на завтра","other"
"сколько сейчас времени в лондоне, пожалуйста","other"
"открой калькулятор на сегодня","other"
"покажи список дел без подробностей","other"
"подбери фильм на вечер пожалуйста.","other"
"добавь напоминание на вечер, пожалуйста","other"
"как приготовить пасту пожалуйста.","other"
"включи музыку без подробностей?","other"
"какой сегодня день недели.","other"
"сколько сейчас времени в лондоне на завтра.","other"
"посчитай 17 умножить на 8 для меня.","other"
"переведи фразу на английский, пожалуйста","other"
"посчитай 17 умножить на 8 быстро","other"
"открой калькулятор быстро?","other"
"поставь будильник на 6:30, пожалуйста","other"
"объясни, что такое нейросеть.","other"
"открой браузер на завтра.","other"
"поставь будильник на 6:30 быстро?","other"
"включи bluetooth для меня.","other"
"переведи фразу на английский на сегодня?","other"
"покажи курс евро быстро","other"
"включи музыку?","other"
"объясни, что такое нейросеть быстро","other"
"найди ближайшую аптеку на сегодня","other"
"включи радио сейчас?","other"
"открой калькулятор, если можно.","other"
"сколько сейчас времени в лондоне сейчас.","other"
"покажи список дел пожалуйста.","other"
"покажи список дел на завтра","other"
"открой калькулятор на сегодня?","other"
"покажи список дел на сегодня.","other"
"открой карту прямо сейчас","other"
"поставь таймер на 5 минут, если можно","other"
"включи bluetooth прямо сейчас","other"
"расскажи интересный факт про космос на завтра?","other"
"какая погода на улице для меня","other"
"включи музыку, пожалуйста","other"
"открой калькулятор без подробностей.","other"
"открой калькулятор без подробностей","other"
"покажи список дел прямо сейчас","other"
"сколько сейчас времени в лондоне на сегодня?","other"
"сколько сейчас времени в лондоне для меня?","other"
"какой сегодня день недели на завтра","other"
"пока","goodbye"
"до свидания","goodbye"
"до связи","goodbye"
"на сегодня все","goodbye"
"давай закончим диалог","goodbye"
"завершаем разговор","goodbye"
"закрываю чат","goodbye"
"я отключаюсь","goodbye"
"мне пора","goodbye"
"до завтра","goodbye"
"пока, на сегодня достаточно","goodbye"
"на сегодня все! завершаем","goodbye"
"заканчиваем разговор, на этом все","goodbye"
"до связи. продолжим позже","goodbye"
"пока! спасибо","goodbye"
"закрываю чат. на сегодня достаточно","goodbye"
"закругляемся! завершаем","goodbye"
"до связи, на сегодня достаточно","goodbye"
"на этом закончим","goodbye"
"закругляемся, вернусь позже","goodbye"
"закрываю чат! спасибо","goodbye"
"до скорого, спасибо за помощь","goodbye"
"заканчиваем разговор! завершаем","goodbye"
"до скорого, до связи","goodbye"
"до свидания! спасибо","goodbye"
"мне пора — завершаем","goodbye"
"всего доброго — на сегодня достаточно","goodbye"
"до скорого — спасибо","goodbye"
"на сегодня все — продолжим позже","goodbye"
"всего доброго. все понятно","goodbye"
"прощаемся спасибо","goodbye"
"до встречи. до связи","goodbye"
"пока. завершаем","goodbye"
"до скорого, все понятно","goodbye"
"закрываю чат! до завтра","goodbye"
"до свидания — спасибо","goodbye"
"до связи — спасибо","goodbye"
"заканчиваем разговор, продолжим позже","goodbye"
"я отключаюсь, до завтра","goodbye"
"до связи. до завтра","goodbye"
"закрываю чат! до связи","goodbye"
"на сегодня все! спасибо","goodbye"
"на сегодня все! до связи","goodbye"
"я отключаюсь! завершаем","goodbye"
"я отключаюсь, вернусь позже","goodbye"
"заканчиваем разговор! до связи","goodbye"
"прощаемся. до завтра","goodbye"
"на сегодня хватит — на сегодня достаточно","goodbye"
"пока — продолжим позже","goodbye"
"давай завершим диалог. до завтра","goodbye"
"до скорого, продолжим позже","goodbye"
"заканчиваем разговор. до завтра","goodbye"
"на сегодня хватит — продолжим позже","goodbye"
"я отключаюсь. на сегодня достаточно","goodbye"
"на этом закончим, пока-пока","goodbye"
"прощаемся! все понятно","goodbye"
"до скорого, вернусь позже","goodbye"
"заканчиваем разговор, больше вопросов нет","goodbye"
"на сегодня все — завершаем","goodbye"
"закрываю чат, все понятно","goodbye"
"всего доброго. спасибо","goodbye"
"до связи, до связи","goodbye"
"на сегодня все! на сегодня достаточно","goodbye"
"до связи — на сегодня достаточно","goodbye"
"закругляемся, все понятно","goodbye"
"я отключаюсь — до связи","goodbye"
"до скорого! продолжим позже","goodbye"
"на сегодня хватит, до связи","goodbye"
"на этом закончим — продолжим позже","goodbye"
"всего доброго. до связи","goodbye"
"заканчиваем разговор! на сегодня достаточно","goodbye"
"мне пора — на сегодня достаточно","goodbye"
"мне пора. до связи","goodbye"
"на сегодня хватит! до завтра","goodbye"
"всего доброго! до связи","goodbye"
"до свидания — все понятно","goodbye"
"закругляемся — все понятно","goodbye"
"заканчиваем разговор спасибо","goodbye"
"до скорого — до завтра","goodbye"
"до скорого, на сегодня достаточно","goodbye"
"мне пора! все понятно","goodbye"
"на этом закончим, до завтра","goodbye"
"до встречи — до завтра","goodbye"
"всего доброго — завершаем","goodbye"
"давай завершим диалог! завершаем","goodbye"
"до связи, до завтра","goodbye"
"всего доброго","goodbye"
"я отключаюсь, пока-пока","goodbye"
"пока, хорошего вечера","goodbye"
"закрываю чат, до завтра","goodbye"
"до связи, завершаем","goodbye"
"до связи! спасибо","goodbye"
"всего доброго, все понятно","goodbye"
"мне пора, спасибо за помощь","goodbye"
"прощаемся. завершаем","goodbye"
"закрываю чат, больше вопросов нет","goodbye"
"до встречи! завершаем","goodbye"
"до скорого, спасибо","goodbye"
"до скорого. на сегодня достаточно","goodbye"
"закругляемся","goodbye"
"заканчиваем разговор. спасибо","goodbye"
"на этом закончим. спасибо","goodbye"
"на сегодня хватит — завершаем","goodbye"
"на сегодня хватит, на сегодня достаточно","goodbye"
"до встречи. завершаем","goodbye"
"до скорого — продолжим позже","goodbye"
"мне пора, пока-пока","goodbye"
"мне пора, все понятно","goodbye"
"заканчиваем разговор — завершаем","goodbye"
"я отключаюсь, завершаем","goodbye"
"до свидания, все понятно","goodbye"
"до встречи. продолжим позже","goodbye"
"давай завершим диалог — до связи","goodbye"
"давай завершим диалог! до связи","goodbye"
"давай завершим диалог! на сегодня достаточно","goodbye"
"на сегодня все, до завтра","goodbye"
"прощаемся, завершаем","goodbye"
"давай завершим диалог, на сегодня достаточно","goodbye"
"до встречи, пока-пока","goodbye"
"до скорого — все понятно","goodbye"
"до встречи, на сегодня достаточно","goodbye"
"мне пора. все понятно","goodbye"
"я отключаюсь! спасибо","goodbye"
"до встречи — продолжим позже","goodbye"
"до скорого. продолжим позже","goodbye"
"закрываю чат. спасибо","goodbye"
"прощаемся — спасибо","goodbye"
"на этом закончим, спокойной ночи","goodbye"
"заканчиваем разговор — спасибо","goodbye"
"до свидания, завершаем","goodbye"
"давай завершим диалог, завершаем","goodbye"
"до свидания, продолжим позже","goodbye"
"заканчиваем разговор. до связи","goodbye"
